<?xml version="1.0"?>
<Actions>
	<SupportURL>http://www.perceptiveautomation.com/plugins/example/pluginActions.html</SupportURL>
	<Action id="setOnStateTrue" deviceFilter="self">
		<Name>Set device onState to True</Name>
		<CallbackMethod>setOnStateTrue</CallbackMethod>
	</Action>
	<Action id="setOnStateFalse" deviceFilter="self">
		<Name>Set device onState to False</Name>
		<CallbackMethod>setOnStateFalse</CallbackMethod>
	</Action>
	<Action id="setBrightnessLevel" deviceFilter="self">
		  <Name>Set device brightness level</Name>
		  <CallbackMethod>setBrightnessLevel</CallbackMethod>
		  <ConfigUI>
				 <Field id="brightnessLevel" type="textfield">
						<Label>Brightness Level (0-100):</Label>
						<Description>Brightness Level</Description>
				 </Field>
				 <Field id="description" type="textfield" hidden="true">
						<Label></Label>
				 </Field>
		  </ConfigUI>
	</Action>
</Actions>
