<?xml version="1.0"?>
<Devices>
	<Device type="relay" id="metaDevice" >
		<Name>Meta Relay</Name>
		<ConfigUI>	
			<Field id="label1" type="label" >
				<Label>Create a Meta Device...</Label>
			</Field>
			
			<Field id='metaDevOnMode' type='menu' defaultValue='0'>
				<Label>Response to an On/Off event:</Label>
				<List>
					<Option value="0">Do Nothing</Option>
					<Option value="1">Execute a Group/Scene</Option>
					<Option value="2">Execute an Action Group</Option>
				</List>
			</Field>
			
			<Field id='metaDevGroupScene' type='menu' defaultValue='0' visibleBindingId='metaDevOnMode' visibleBindingValue='1' >
				<Label>Select the Group/Scene:</Label>
				<List class="self" method="getGroupSceneList"/>
			</Field>
			
			<Field id='metaDevGroupSceneNote' type='label' defaultValue='0' visibleBindingId='metaDevOnMode' visibleBindingValue='1' >
				<Label>							The Group/Scene will be turned
							On and Off following the device's state</Label>
			</Field>
			
			<Field id='metaDevOnAction' type='menu'  defaultValue='0' visibleBindingId='metaDevOnMode' visibleBindingValue='2' >
				<Label>Select the ON Action Group:</Label>
				<List class="indigo.actionGroups"/>
			</Field>
						
			<Field id='metaDevOffAction' type='menu' visibleBindingId='metaDevOnMode' visibleBindingValue='2' >
				<Label>Select the OFF Action Group:</Label>
				<List class="indigo.actionGroups"/>
			</Field>			
		</ConfigUI>
    	</Device>	
	
		<Device type="dimmer" id="metaDeviceDimmer">
		<Name>Meta Dimmer</Name>
		<ConfigUI>	
			<Field id="label1" type="label" >
				<Label>Create a Meta Device...</Label>
			</Field>
			
			<Field id='metaDevOnMode' type='menu' defaultValue='0'>
				<Label>Response to an On/Off event:</Label>
				<List>
					<Option value="0">Do Nothing</Option>
					<Option value="1">Execute a Group/Scene</Option>
					<Option value="2">Execute an Action Group</Option>
				</List>
			</Field>
			
			<Field id='metaDevGroupScene' type='menu' defaultValue='0' visibleBindingId='metaDevOnMode' visibleBindingValue='1' >
				<Label>Select the Group/Scene:</Label>
				<List class="self" method="getGroupSceneList"/>
			</Field>
			
			<Field id='metaDevGroupSceneNote' type='label' defaultValue='0' visibleBindingId='metaDevOnMode' visibleBindingValue='1' >
				<Label>							The Group/Scene will be turned
							On and Off following the device's state</Label>
			</Field>
			
			<Field id='metaDevOnAction' type='menu'  defaultValue='0' visibleBindingId='metaDevOnMode' visibleBindingValue='2' >
				<Label>Select the ON Action Group:</Label>
				<List class="indigo.actionGroups"/>
			</Field>
						
			<Field id='metaDevOffAction' type='menu' visibleBindingId='metaDevOnMode' visibleBindingValue='2' >
				<Label>Select the OFF Action Group:</Label>
				<List class="indigo.actionGroups"/>
			</Field>	
			
			<Field id='metaDevBrightMode' type='menu' defaultValue='0'>
				<Label>Response to a change in Brightness:</Label>
				<List>
					<Option value="0">Do Nothing</Option>
					<Option value="2">Execute an Action Group</Option>
				</List>
			</Field>
			
			<Field id='metaDevBrightAction' type='menu'  defaultValue='0' visibleBindingId='metaDevBrightMode' visibleBindingValue='2' >
				<Label>Select the Action Group:</Label>
				<List class="indigo.actionGroups"/>
			</Field>
		</ConfigUI>
	</Device>	
</Devices>